Ranking,University Name,Country,Source
1,Harvard University,US,webmetrics
2,Stanford University,US,webmetrics
3,Massachusetts Institute of Technology,US,webmetrics
4,University of California Berkeley,US,webmetrics
5,University of Michigan,US,webmetrics
6,University of Washington,US,webmetrics
7,University of Oxford,UK,webmetrics
8,Cornell University,US,webmetrics
9,Columbia University New York,US,webmetrics
10,University of Cambridge,UK,webmetrics
11,University of California Los Angeles UCLA,US,webmetrics
12,University of Pennsylvania,US,webmetrics
13,Yale University,US,webmetrics
14,(2) Johns Hopkins University,US,webmetrics
15,University of Wisconsin Madison,US,webmetrics
15,University of California San Diego,US,webmetrics
17,(2) Pennsylvania State University,US,webmetrics
18,University of Toronto,CA,webmetrics
19,University College London,UK,webmetrics
20,Duke University,US,webmetrics
21,University of Texas Austin,US,webmetrics
22,University of Chicago,US,webmetrics
23,Princeton University,US,webmetrics
24,New York University,US,webmetrics
25,University of North Carolina Chapel Hill,US,webmetrics
26,University of Illinois Urbana Champaign,US,webmetrics
27,University of British Columbia,CA,webmetrics
28,University of Southern California,US,webmetrics
29,University of Florida,US,webmetrics
30,University of California Davis,US,webmetrics
31,Northwestern University,US,webmetrics
32,(1) University of Maryland College Park,US,webmetrics
33,Ohio State University,US,webmetrics
34,Eidgenössische Technische Hochschule ETH Zürich / Swiss Federal Institute of Technology Zurich,CH,webmetrics
35,Carnegie Mellon University,US,webmetrics
36,University of California Irvine,US,webmetrics
37,Michigan State University,US,webmetrics
38,Washington University Saint Louis,US,webmetrics
39,University of Pittsburgh,US,webmetrics
40,(2) California Institute of Technology Caltech,US,webmetrics
41,University of Edinburgh,UK,webmetrics
41,Purdue University,US,webmetrics
43,University of Tokyo / 東京大学,JP,webmetrics
44,Boston University,US,webmetrics
45,Tsinghua University / 清华大学,CN,webmetrics
46,University of California San Francisco,US,webmetrics
47,Peking University / 北京大学,CN,webmetrics
48,Rutgers The State University of New Jersey,US,webmetrics
49,University of Arizona,US,webmetrics
50,Georgia Institute of Technology,US,webmetrics
51,University of Colorado Boulder,US,webmetrics
52,McGill University,CA,webmetrics
53,National University of Singapore,SG,webmetrics
54,University of Virginia,US,webmetrics
55,Arizona State University,US,webmetrics
56,Imperial College London,UK,webmetrics
57,Texas A&M University,US,webmetrics
58,Vanderbilt University,US,webmetrics
59,University of Melbourne,AU,webmetrics
60,University of Alberta,CA,webmetrics
61,University of Utah,US,webmetrics
62,University of California Santa Barbara,US,webmetrics
63,University of New South Wales,AU,webmetrics
63,University of Queensland,AU,webmetrics
65,University of Manchester,UK,webmetrics
66,Utrecht University / Universiteit Utrecht,NL,webmetrics
67,Indiana University Bloomington,US,webmetrics
68,Emory University,US,webmetrics
69,École Polytechnique Fédérale de Lausanne,CH,webmetrics
70,Catholic University of Leuven,BE,webmetrics
71,(2) Universidade de São Paulo USP,BR,webmetrics
72,University of Amsterdam / Universiteit van Amsterdam,NL,webmetrics
73,Brown University,US,webmetrics
74,Australian National University,AU,webmetrics
75,University of Iowa,US,webmetrics
76,University of Sydney,AU,webmetrics
77,North Carolina State University,US,webmetrics
78,King's College London,UK,webmetrics
79,Virginia Polytechnic Institute and State University,US,webmetrics
80,University of Copenhagen / Københavns Universitet,DK,webmetrics
81,Kyoto University / 京都大学,JP,webmetrics
82,University of Rochester,US,webmetrics
83,Tufts University,US,webmetrics
84,Zhejiang University (National Che Kiang University) / 浙江大学,CN,webmetrics
85,(1) Seoul National University / 서울대학교,KR,webmetrics
86,National Taiwan University,TW,webmetrics
87,University of Groningen / Rijksuniversiteit Groningen,NL,webmetrics
88,University of Helsinki / Helsingin yliopisto,FI,webmetrics
89,Ludwig Maximilians Universität München,DE,webmetrics
90,University of Waterloo,CA,webmetrics
91,Shanghai Jiao Tong University / 上海交通大学,CN,webmetrics
92,University of Glasgow,UK,webmetrics
93,University of Massachusetts Amherst,US,webmetrics
94,Fudan University (Shanghai Medical University) / 复旦大学,CN,webmetrics
94,University of Hong Kong,HK,webmetrics
96,University of Oslo / Universitetet i Oslo,NO,webmetrics
97,University of Leeds,UK,webmetrics
98,Iowa State University,US,webmetrics
99,University of Calgary,CA,webmetrics
100,Rice University,US,webmetrics
101,University of Illinois Chicago,US,webmetrics
102,University of Georgia,US,webmetrics
102,Monash University,AU,webmetrics
104,University of Science & Technology of China / 中国科学技术大学,CN,webmetrics
105,Ghent University / Universiteit Gent,BE,webmetrics
106,Ruprecht Karls Universität Heidelberg,DE,webmetrics
106,Uppsala University / Uppsala Universitet,SE,webmetrics
108,Lund University / Lunds Universitet,SE,webmetrics
109,VU University of Amsterdam / Vrije Universiteit Amsterdam,NL,webmetrics
110,University at Buffalo,US,webmetrics
111,Delft University of Technology TU Delft,NL,webmetrics
111,University of Delaware,US,webmetrics
113,City University of New York,US,webmetrics
113,University of Tennessee Knoxville,US,webmetrics
115,(1) Technische Universität München,DE,webmetrics
116,Universität Zürich,CH,webmetrics
117,Oregon State University,US,webmetrics
118,Nanyang Technological University,SG,webmetrics
119,Simon Fraser University,CA,webmetrics
120,University of Warwick,UK,webmetrics
120,Florida State University,US,webmetrics
122,Colorado State University,US,webmetrics
123,Aarhus University / Aarhus Universitet,DK,webmetrics
124,University of California Santa Cruz,US,webmetrics
125,University of Adelaide,AU,webmetrics
126,University of California Riverside,US,webmetrics
127,Università di Bologna (Università degli Studi di Bologna),IT,webmetrics
127,Universität Wien,AT,webmetrics
129,McMaster University,CA,webmetrics
130,Dartmouth College,US,webmetrics
131,University of Notre Dame,US,webmetrics
131,University of Kentucky,US,webmetrics
133,University of Nebraska Lincoln,US,webmetrics
134,University of Miami,US,webmetrics
135,Université de Geneve,CH,webmetrics
136,University of Nottingham,UK,webmetrics
137,Shandong University / 山东大学,CN,webmetrics
138,Bristol University,UK,webmetrics
139,Chinese University of Hong Kong,HK,webmetrics
139,Università degli Studi di Roma La Sapienza,IT,webmetrics
141,(2) Universidad Nacional Autónoma de México,MX,webmetrics
142,University of Western Australia,AU,webmetrics
143,University of Connecticut,US,webmetrics
144,George Washington University,US,webmetrics
145,University of Southampton,UK,webmetrics
146,Queen Mary University of London,UK,webmetrics
147,Case Western Reserve University,US,webmetrics
148,University of South Florida,US,webmetrics
148,Newcastle University Newcastle upon Tyne,UK,webmetrics
150,Nanjing University / 南京大学,CN,webmetrics
150,Karlsruhe Institute of Technology (Universität Karlsruhe),DE,webmetrics
152,Universitat de Barcelona,ES,webmetrics
152,University of Cincinnati,US,webmetrics
154,Georgetown University,US,webmetrics
155,University of Western Ontario / Western University,CA,webmetrics
156,Rheinische Friedrich Wilhelms Universität Bonn,DE,webmetrics
157,Universität Hamburg,DE,webmetrics
158,University of New Mexico,US,webmetrics
159,Karolinska Institute / Karolinska Institutet,SE,webmetrics
159,University of Kansas,US,webmetrics
161,Rheinisch Westfalische Technische Hochschule Aachen,DE,webmetrics
162,University of Missouri Columbia,US,webmetrics
163,Tongji University / 同济大学,CN,webmetrics
164,University of Auckland,NZ,webmetrics
165,University of Oregon,US,webmetrics
166,Université de Montréal,CA,webmetrics
167,University of Sheffield,UK,webmetrics
167,Osaka University / 大阪大学,JP,webmetrics
169,(2) Tel Aviv University,IL,webmetrics
169,Universität Bern,CH,webmetrics
171,Temple University,US,webmetrics
172,(1) Korea Advanced Institute of Science & Technology KAIST,KR,webmetrics
173,Harbin Institute of Technology / 哈尔滨工业大学,CN,webmetrics
174,Royal Institute of Technology / Kungliga Tekniska Högskolan,SE,webmetrics
175,Wuhan University / 武汉大学,CN,webmetrics
176,Université d'Ottawa / University of Ottawa,CA,webmetrics
177,University of Birmingham,UK,webmetrics
178,Università degli Studi di Milano,IT,webmetrics
179,Washington State University Pullman,US,webmetrics
180,Université de Paris VI / Université Pierre et Marie Curie (comUE Sorbonne Universités),FR,webmetrics
181,Sun Yat Sen University (Zhongshan University) / 中山大学,CN,webmetrics
182,Università degli Studi di Padova,IT,webmetrics
183,Freie Universität Berlin,DE,webmetrics
184,Tohoku University / 東北大学,JP,webmetrics
185,University of Exeter,UK,webmetrics
186,Wayne State University,US,webmetrics
187,University of Houston,US,webmetrics
188,Technical University of Denmark / Danmarks Tekniske Universitet,DK,webmetrics
189,Huazhong University of Science & Technology / 华中科技大学,CN,webmetrics
190,University of Alabama Birmingham,US,webmetrics
191,University of South Carolina,US,webmetrics
191,Queen's University Kingston,CA,webmetrics
193,University of Victoria British Columbia,CA,webmetrics
194,Erasmus University of Rotterdam / Erasmus Universiteit Rotterdam,NL,webmetrics
195,Hebrew University of Jerusalem,IL,webmetrics
196,Universität Freiburg,DE,webmetrics
197,Indiana University/Purdue University Indianapolis,US,webmetrics
198,Hong Kong University of Science & Technology,HK,webmetrics
199,University of Oklahoma,US,webmetrics
200,London School of Economics and Political Science,UK,webmetrics
800,Istanbul University,TR,webmetrics
802,Universidade Federal de São Paulo UNIFESP,BR,webmetrics
803,Zhejiang Normal University / 浙江师范大学,CN,webmetrics
803,Niigata University / 新潟大学,JP,webmetrics
803,Universidad de Concepción,CL,webmetrics
806,Beijing University of Technology (Beijing Polytechnic University) / 北京工业大学,CN,webmetrics
807,Hacettepe University,TR,webmetrics
808,Nicolaus Copernicus University / Uniwersytet Mikołaja Kopernika w Toruniu,PL,webmetrics
809,Università Politécnica delle Marche,IT,webmetrics
809,National Nuclear Research University (Moscow State Engineering Physics Institute) / Национальный исследовательский ядерный университет МИФИ,RU,webmetrics
811,Universidad Nacional de Educación a Distancia UNED,ES,webmetrics
811,Indian Institute of Technology Kharagpur,IN,webmetrics
813,California State University Long Beach,US,webmetrics
814,Copenhagen Business School,DK,webmetrics
814,Goldsmiths University of London,UK,webmetrics
814,Swinburne University of Technology,AU,webmetrics
814,Universität zu Lubeck,DE,webmetrics
818,(1) Tokyo University of Science / 東京理科大学,JP,webmetrics
818,University of Dayton,US,webmetrics
820,Tokyo Medical and Dental University / 東京医科歯科大学,JP,webmetrics
821,Université Clermont-Ferrand 2 Blaise Pascal,FR,webmetrics
822,Universidad Rey Juan Carlos,ES,webmetrics
822,Universidade do Estado do Rio de Janeiro UERJ,BR,webmetrics
822,Universidade Federal de Goiás UFG,BR,webmetrics
825,Oxford Brookes University,UK,webmetrics
826,University of Canberra,AU,webmetrics
827,Universidade Federal da Bahia,BR,webmetrics
827,Qingdao University / 青岛大学,CN,webmetrics
829,Sheffield Hallam University,UK,webmetrics
830,Nova Southeastern University,US,webmetrics
831,ITMO University / Университет ИТМО,RU,webmetrics
832,American University of Beirut,LB,webmetrics
833,University of Missouri Saint Louis,US,webmetrics
834,(1) Marquette University,US,webmetrics
834,Università Ca' Foscari di Venezia,IT,webmetrics
836,Lulea University of Technology / Luleå tekniska Universitet,SE,webmetrics
837,Graduate University of Chinese Academy of Sciences / 中国科学院研究生院,CN,webmetrics
837,James Madison University,US,webmetrics
837,Université de Tours / Université François Rabelais (comUE Université confédérale Léonard de Vinci),FR,webmetrics
840,Edith Cowan University,AU,webmetrics
841,Liverpool John Moores University,UK,webmetrics
842,Universität Osnabruck,DE,webmetrics
843,Guangxi University / 广西大学,CN,webmetrics
844,(3) University of Oklahoma Health Sciences Center,US,webmetrics
844,Universidad de Las Palmas de Gran Canaria,ES,webmetrics
846,De Montfort University,UK,webmetrics
847,Université de Besançon / Université de Franche Comté (comUE Université Bourgogne Franche Comté),FR,webmetrics
848,Beijing Forestry University / 北京林业大学,CN,webmetrics
849,Abo Akademi University,FI,webmetrics
850,Huaqiao University / 华侨大学,CN,webmetrics
850,Pontificia Universidade Católica do Rio de Janeiro PUC-RIO,BR,webmetrics
852,National Chung Cheng University,TW,webmetrics
852,Università degli Studi di Cassino,IT,webmetrics
854,Sogang University / 서강대학교,KR,webmetrics
855,Tokyo Metropolitan University / 首都大学東京,JP,webmetrics
855,Tomsk State University / Томский государственный университет,RU,webmetrics
855,China Medical University Taiwan,TW,webmetrics
855,Nottingham Trent University,UK,webmetrics
859,China Jiliang University / 中国计量学院,CN,webmetrics
860,Tata Institute of Fundamental Research,IN,webmetrics
861,Universität Augsburg,DE,webmetrics
861,Université de Poitiers (comUE Université confédérale Léonard de Vinci),FR,webmetrics
863,Amirkabir University of Technology,IR,webmetrics
864,Yangzhou University / 扬州大学,CN,webmetrics
865,University Babes Bolyai,RO,webmetrics
866,University of Central Lancashire,UK,webmetrics
866,Iran University of Science & Technology Tehran,IR,webmetrics
868,Xiangtan University / 湘潭大学,CN,webmetrics
869,Inha University / 인하대학교,KR,webmetrics
869,Tarbiat Modares University,IR,webmetrics
871,Kangwon National University (Samcheok National University) / 강원대학교,KR,webmetrics
871,University of Shanghai for Science & Technology / 上海理工大学,CN,webmetrics
873,Institute of Cancer Research University of London,UK,webmetrics
874,The Second Military Medical University / 第二军医大学,CN,webmetrics
875,National Taipei University of Technology,TW,webmetrics
876,Tallinn University of Technology / Tallinna Tehnikaülikool,EE,webmetrics
877,Seconda Università degli Studi di Napoli,IT,webmetrics
878,Universidad Nacional de Córdoba,AR,webmetrics
879,Shantou (Swatow) University / 汕头大学 (汕頭大學),CN,webmetrics
879,University of Southern Queensland,AU,webmetrics
879,Institute for Advanced Study,US,webmetrics
882,Wilfrid Laurier University,CA,webmetrics
883,China Pharmaceutical University / 中国药科大学,CN,webmetrics
884,Yuan Ze University,TW,webmetrics
885,Khon Kaen University,TH,webmetrics
886,Western Washington University,US,webmetrics
887,Moscow Institute of Physics and Technology / Московский физико-технический институт государственный университет,RU,webmetrics
888,Illinois State University,US,webmetrics
888,King Fahd University of Petroleum & Minerals,SA,webmetrics
890,Shanghai Normal University / 上海师范大学,CN,webmetrics
891,University of Silesia in Katowice / Uniwersytet Śląski w Katowicach,PL,webmetrics
892,Nagasaki University / 長崎大学,JP,webmetrics
893,Ningbo University / 宁波大学,CN,webmetrics
893,University of Anatolia / Anadolu Üniversitesi,TR,webmetrics
895,University of Greenwich,UK,webmetrics
896,University of Alabama Huntsville,US,webmetrics
896,Universidad Miguel Hernández,ES,webmetrics
898,Yanshan University / 燕山大学,CN,webmetrics
899,Bournemouth University,UK,webmetrics
900,University of Southern Mississippi,US,webmetrics
1101,Hanoi University of Science & Technology,VN,webmetrics
1101,Prince of Songkla University,TH,webmetrics
1103,Leuphana Universität Lüneburg,DE,webmetrics
1103,Maynooth University (National University of Ireland Maynooth),IE,webmetrics
1105,University of Pécs / Pécsi Tudományegyetem PTE,HU,webmetrics
1105,AgroParisTech Institut des Sciences et Industries du Vivant et de l'Environnement (ENGREF+ENSIA+INA PG) (comUE Université Paris Saclay),FR,webmetrics
1107,Pontificia Universidade Católica do Rio Grande do Sul PUCRS,BR,webmetrics
1108,Shizuoka University / 静岡大学,JP,webmetrics
1109,Universidade Federal de Santa Maria UFSM,BR,webmetrics
1109,College of Charleston,US,webmetrics
1111,United Arab Emirates University,AE,webmetrics
1111,Universidad de Almería,ES,webmetrics
1111,Inner Mongolia University / 内蒙古大学,CN,webmetrics
1114,University of Tulsa,US,webmetrics
1115,Université de Toulouse II / Université Toulouse Jean Jaurès (comUE Université de Toulouse),FR,webmetrics
1115,European University Institute,IT,webmetrics
1115,Kookmin University / 국민대학교,KR,webmetrics
1118,Hebei Normal University / 河北师范大学,CN,webmetrics
1118,Universidad de León,ES,webmetrics
1118,University of San Diego,US,webmetrics
1118,CUNY Baruch College,US,webmetrics
1122,Hofstra University,US,webmetrics
1123,University of the Aegean,GR,webmetrics
1124,Università degli Studi di Urbino Carlo Bo,IT,webmetrics
1125,École Supérieure de Physique et de Chimie Industrielles de la Ville de Paris ESPCI ParisTech (comUE Université Paris PSL),FR,webmetrics
1126,Democritus University of Thrace,GR,webmetrics
1126,Sabanci University,TR,webmetrics
1128,Université de Brest / Université de Bretagne Occidentale (comUE Université Bretagne Loire),FR,webmetrics
1129,Pontificia Universidad Católica del Perú,PE,webmetrics
1130,Alexandria University,EG,webmetrics
1130,Tomsk Polytechnic University / Национальный исследовательский Томский Политехнический Университет,RU,webmetrics
1132,University of Electro-Communications / 電気通信大学,JP,webmetrics
1132,Nagoya Institute of Technology / 名古屋工業大学,JP,webmetrics
1134,Shandong University of Technology / 山东理工大学,CN,webmetrics
1134,Southwest Petroleum University / 西南石油大学,CN,webmetrics
1134,University of Toyama / 富山大学,JP,webmetrics
1137,University of North Carolina Wilmington,US,webmetrics
1137,Glasgow Caledonian University,UK,webmetrics
1139,Indian Institute of Technology Roorkee,IN,webmetrics
1139,Roskilde University / Roskilde Universitet,DK,webmetrics
1141,Hangzhou Normal University / 杭州师范大学,CN,webmetrics
1142,Universität Salzburg,AT,webmetrics
1142,Duquesne University,US,webmetrics
1144,Inje University / 인제대학교,KR,webmetrics
1144,Middlebury College,US,webmetrics
1144,Nara Institute of Science & Technology / 奈良先端科学技術大学院大学,JP,webmetrics
1147,(3) Barnard College Columbia University,US,webmetrics
1147,Banaras Hindu University,IN,webmetrics
1147,Trent University,CA,webmetrics
1150,Bond University,AU,webmetrics
1151,Université INRS Institut National de la Recherche Scientifique,CA,webmetrics
1152,Instituto Politécnico do Porto,PT,webmetrics
1152,Rhodes University,ZA,webmetrics
1154,Dalian Maritime University / 大连海事大学,CN,webmetrics
1155,Anna University,IN,webmetrics
1155,Chongqing University of Posts & Telecommunications / 重庆邮电大学,CN,webmetrics
1155,École Supérieure d'Electricite SUPELEC,FR,webmetrics
1158,Wenzhou University / 温州大学,CN,webmetrics
1159,Universidad de Huelva,ES,webmetrics
1160,(1) University of South Alabama,US,webmetrics
1160,Yamaguchi University / 山口大学,JP,webmetrics
1162,University of Bucharest,RO,webmetrics
1162,Williams College,US,webmetrics
1162,Sam Houston State University,US,webmetrics
1165,Georgia Southern University,US,webmetrics
1166,HEC Montréal École de Gestion,CA,webmetrics
1166,University of Malta,MT,webmetrics
1168,Università degli Studi dell'Insubria Varese e Como,IT,webmetrics
1169,Capital Medical University / 首都医科大学,CN,webmetrics
1170,Central European University Budapest / Közép-európai Egyetem,US,webmetrics
1171,Université Paris Dauphine / Université Paris 9 (comUE Université Paris PSL),FR,webmetrics
1172,Shahid Beheshti University of Medical Sciences,IR,webmetrics
1173,Slovak University of Technology in Bratislava / Slovenská technická univerzita v Bratislave,SK,webmetrics
1174,University of Winnipeg,CA,webmetrics
1175,Pace University,US,webmetrics
1175,Université de Mulhouse / Université de Haute Alsace (Associé à l'Université de Strasbourg),FR,webmetrics
1177,Athens University of Economics and Business,GR,webmetrics
1178,University of Yamanashi / 山梨大学,JP,webmetrics
1179,Dublin Institute of Technology,IE,webmetrics
1180,Pontificia Universidad Javeriana,CO,webmetrics
1181,Anhui Medical University / 安徽医科大学,CN,webmetrics
1181,Universidade da Beira Interior,PT,webmetrics
1183,Universidade Estadual de Londrina,BR,webmetrics
1183,Technical University of Lodz / Politechnika Łódzka,PL,webmetrics
1185,Dokuz Eylül University,TR,webmetrics
1185,Université de Namur,BE,webmetrics
1187,Universidade Federal do Pará UFPA,BR,webmetrics
1187,Yunnan University / 云南大学,CN,webmetrics
1189,University of Louisiana at Lafayette,US,webmetrics
1190,United States Naval Academy,US,webmetrics
1190,Universidade Federal de Viçosa UFV,BR,webmetrics
1192,Gdansk University / Uniwersytet Gdański,PL,webmetrics
1193,Education University of Hong Kong (Hong Kong Institute of Education),HK,webmetrics
1193,Jacobs University Bremen,DE,webmetrics
1193,China Three Gorges University / 三峡大学,CN,webmetrics
1196,Universidad Pública de Navarra,ES,webmetrics
1197,Rowan University,US,webmetrics
1197,Yantai University / 烟台大学,CN,webmetrics
1199,Tadeusz Kościuszko Cracow University of Technology / Politechnika Krakowska Tadeusza Kościuszki,PL,webmetrics
1199,State University of New York Downstate Medical Center Brooklyn,US,webmetrics
1400,University of the Sunshine Coast,AU,webmetrics
1402,Sultan Qaboos University,OM,webmetrics
1403,Khaje-Nassir-Toosi University of Technology,IR,webmetrics
1403,(1) United States Military Academy at West Point,US,webmetrics
1405,South Central University for Nationalities / 中南民族大学,CN,webmetrics
1406,(3) Stony Brook Medicine,US,webmetrics
1406,(1) Asian Institute of Technology Thailand,TH,webmetrics
1408,London South Bank University,UK,webmetrics
1409,Catholic University of Korea / 가톨릭대학교,KR,webmetrics
1410,Islamic Azad University Mashhad,IR,webmetrics
1411,Myongji University / 명지대학교,KR,webmetrics
1412,École Centrale de Lille (comUE Lille Nord de France),FR,webmetrics
1413,Mansoura University,EG,webmetrics
1414,Southwestern University of Finance & Economics / 西南财经大学,CN,webmetrics
1415,Tianjin University of Technology / 天津理工大学,CN,webmetrics
1415,Xi'An University of Technology / 西安理工大学,CN,webmetrics
1417,Saint Mary's University,CA,webmetrics
1417,Universität Koblenz Landau,DE,webmetrics
1417,(1) Indian Institute of Technology Guwahati,IN,webmetrics
1420,Aligarh Muslim University,IN,webmetrics
1420,Claremont Graduate University,US,webmetrics
1422,International Islamic University of Malaysia,MY,webmetrics
1423,Bentley University,US,webmetrics
1423,University of Tabriz,IR,webmetrics
1425,Universitat Ramon Llull,ES,webmetrics
1425,COMSATS Institute of Information Technology Islamabad,PK,webmetrics
1427,University at Bialystok / Uniwersytet w Białymstoku,PL,webmetrics
1428,Selçuk University,TR,webmetrics
1428,Universidad Austral de Chile,CL,webmetrics
1430,CUNY College of Staten Island,US,webmetrics
1431,Seattle University,US,webmetrics
1432,Università degli Studi del Sannio,IT,webmetrics
1432,Macau University of Science & Technology,MO,webmetrics
1432,National Changhua University of Education,TW,webmetrics
1435,Université d'Auvergne (Clermont-Ferrand 1),FR,webmetrics
1436,Bard College,US,webmetrics
1436,CentraleSupélec (comUE Université Paris Saclay),FR,webmetrics
1438,Open University / Open Universiteit Netherlands,NL,webmetrics
1438,Université de Toulouse I / Université Toulouse Capitole (comUE Université de Toulouse),FR,webmetrics
1438,Seton Hall University,US,webmetrics
1441,Colby College,US,webmetrics
1441,Indiana State University,US,webmetrics
1443,Teesside University,UK,webmetrics
1444,Pomona College,US,webmetrics
1445,Long Island University,US,webmetrics
1446,Institute of Tropical Medicine Antwerp,BE,webmetrics
1447,University of Karlstad / Karlstads Universitet,SE,webmetrics
1447,All India Institute of Medical Sciences,IN,webmetrics
1447,University of Bedfordshire,UK,webmetrics
1450,Mashhad University of Medical Sciences,IR,webmetrics
1451,Universidad Autónoma del Estado de México,MX,webmetrics
1451,Kansai University / 関西大学,JP,webmetrics
1451,University of the Philippines Diliman,PH,webmetrics
1454,Universidade Federal do ABC UFABC,BR,webmetrics
1454,Colgate University,US,webmetrics
1454,École Centrale de Nantes (comUE Université Bretagne Loire),FR,webmetrics
1457,Mälardalen University / Mälardalens Högskola,SE,webmetrics
1458,Nagoya City University / 名古屋市立大学,JP,webmetrics
1459,Université de Montpellier III / Université Paul Valéry (comUE Languedoc Roussillon Universités),FR,webmetrics
1459,Université de Toulon,FR,webmetrics
1461,University of the Pacific,US,webmetrics
1462,(3) Universidad de Puerto Rico Mayaguez,PR,webmetrics
1463,Sakarya University,TR,webmetrics
1463,Suffolk University,US,webmetrics
1465,Kagawa University / 香川大学,JP,webmetrics
1466,Vilnius Gediminas Technical University / Vilniaus Gedimino technikos universitetas,LT,webmetrics
1467,Blekinge Institute of Technology / Blekinge Tekniska Högskola,SE,webmetrics
1467,Ochanomizu University / お茶の水女子大学,JP,webmetrics
1469,Université d'Évry Val d'Essonne (comUE Université Paris Saclay),FR,webmetrics
1469,Southern Taiwan University of Science & Technology,TW,webmetrics
1471,Staffordshire University,UK,webmetrics
1471,Universidad de Deusto Deustuko Unibertsitatea,ES,webmetrics
1473,University of Kalyani,IN,webmetrics
1473,Zhejiang University of Finance & Economics / 浙江财经学院,CN,webmetrics
1475,Gaziantep University,TR,webmetrics
1476,Albany Medical College,US,webmetrics
1477,Isfahan University of Medical Sciences,IR,webmetrics
1478,(1) Hiroshima Institute of Technology / 広島工業大学,JP,webmetrics
1479,Nippon Medical School / 日本医科大学,JP,webmetrics
1479,Acadia University,CA,webmetrics
1481,National Chi Nan University,TW,webmetrics
1481,Southwest University of Science & Technology / 西南科技大学,CN,webmetrics
1483,Università degli Studi della Tuscia,IT,webmetrics
1484,University of Piraeus,GR,webmetrics
1484,University of Tennessee Chattanooga,US,webmetrics
1486,Makerere University,UG,webmetrics
1486,Harvey Mudd College,US,webmetrics
1486,(3) University of Maryland Center for Environmental Science,US,webmetrics
1489,Federation University Australia,AU,webmetrics
1490,Pontificia Universidad Católica de Valparaíso,CL,webmetrics
1490,Hasso Plattner Institute,DE,webmetrics
1492,Fundação Getulio Vargas FGV,BR,webmetrics
1493,Roehampton University,UK,webmetrics
1494,Warsaw University of Life Sciences (Agricultural University) / Szkoła Główna Gospodarstwa Wiejskiego w Warszawie,PL,webmetrics
1495,Université d'Avignon / Université d’Avignon et des Pays de Vaucluse,FR,webmetrics
1496,West University of Timisoara,RO,webmetrics
1497,Université de Perpignan (comUE Languedoc Roussillon Universités),FR,webmetrics
1497,Zurcher Hochschule für Angewandte Wissenschaften,CH,webmetrics
1499,Kwangwoon University / 광운대학교,KR,webmetrics
1500,Jichi Medical School / 自治医科大学,JP,webmetrics
1699,University of Pune,IN,webmetrics
1702,Agricultural University of Athens,GR,webmetrics
1703,Universidade Federal de Campina Grande,BR,webmetrics
1704,Mount Allison University,CA,webmetrics
1705,Poznan University of Medical Sciences / Uniwersytet Medyczny Karola Marcinkowskiego w Poznaniu,PL,webmetrics
1706,The Graduate University for Advanced Studies / 総合研究大学院大学,JP,webmetrics
1707,Universidad Tecnológica Nacional,AR,webmetrics
1707,California Polytechnic State University Cal Poly Pomona,US,webmetrics
1709,Amrita University,IN,webmetrics
1709,Siberian Federal University / Сибирский федеральный университет,RU,webmetrics
1711,Università Campus Bio Medico di Roma,IT,webmetrics
1712,Universität der Bundeswehr München,DE,webmetrics
1713,Samara National Research University / Самарский национальный исследовательский университет С П Королева,RU,webmetrics
1714,Keimyung University / 계명대학교,KR,webmetrics
1715,Università degli Studi del Molise,IT,webmetrics
1716,Universidade Federal de Ouro Preto UFOP,BR,webmetrics
1716,University of Pannonia (University of Veszprem) / Pannon Egyetem,HU,webmetrics
1716,College of the Holy Cross,US,webmetrics
1719,Universidade Federal de São João del Rei UFSJ,BR,webmetrics
1720,Birla Institute of Technology & Science Pilani,IN,webmetrics
1720,Fukushima Medical University / 福島県立医科大学,JP,webmetrics
1720,Hongik University / 홍익대학교,KR,webmetrics
1723,Tzu Chi University,TW,webmetrics
1723,Trinity College,US,webmetrics
1723,Willamette University,US,webmetrics
1723,Dalian Polytechnic University / 大连工业大学,CN,webmetrics
1727,Kurume University / 久留米大学,JP,webmetrics
1728,Jawaharlal Nehru Centre for Advanced Scientific Research,IN,webmetrics
1729,Changsha University of Science & Technology / 长沙理工大学,CN,webmetrics
1730,Kenyon College,US,webmetrics
1730,Shanghai University of Electric Power / 上海电力学院,CN,webmetrics
1732,Texas A&M University Corpus Christi,US,webmetrics
1732,Kanagawa University / 神奈川大学,JP,webmetrics
1734,Université d'Artois (comUE Lille Nord de France),FR,webmetrics
1735,Universidad de la Frontera,CL,webmetrics
1735,Multimedia University,MY,webmetrics
1737,Ningxia University / 宁夏大学,CN,webmetrics
1738,Edge Hill University,UK,webmetrics
1739,Payam Noor University,IR,webmetrics
1740,Universiti Tun Hussein Onn Malaysia,MY,webmetrics
1741,Pepperdine University,US,webmetrics
1741,Beijing Technology & Business University / 北京工商大学,CN,webmetrics
1743,University of West Florida,US,webmetrics
1744,University of the Punjab,PK,webmetrics
1745,Universidade Tecnológica Federal do Paraná UTFRP,BR,webmetrics
1745,California State University East Bay,US,webmetrics
1745,Maria Curie Sklodowska University / Uniwersytet Marii Curie-Skłodowskiej w Lublinie,PL,webmetrics
1748,Guilin University of Technology / 桂林理工大学,CN,webmetrics
1749,Stockholm School of Economics / Handelshögskolan i Stockholm,SE,webmetrics
1749,Izmir Institute of Technology / İzmir Yüksek Teknoloji Enstitüsü,TR,webmetrics
1749,Universidad Nacional de Mar del Plata,AR,webmetrics
1749,Pavol Jozef Šafárik University in Košice / Univerzita Pavla Jozefa Šafárika v Košiciach,SK,webmetrics
1749,Universidad Simón Bolívar Venezuela,VE,webmetrics
1754,University of Hyogo (Himeji Institute of Technology) / 兵庫県立大学,JP,webmetrics
1755,Moi University,KE,webmetrics
1755,Kumoh National Institute of Technology / 금오공과대학교,KR,webmetrics
1757,University of Notre Dame Australia,AU,webmetrics
1757,Arkansas State University,US,webmetrics
1757,EM Lyon Business School,FR,webmetrics
1760,Mendel University of Agriculture and Forestry Brno / Mendelova Univerzita v Brně,CZ,webmetrics
1761,Academy of Military Medical Sciences / 军事医学科学院,CN,webmetrics
1761,University of Vaasa / Vaasan yliopisto,FI,webmetrics
1763,Universidade Federal do Rio Grande FURG,BR,webmetrics
1763,Dickinson College,US,webmetrics
1765,Utah Valley University,US,webmetrics
1766,Lafayette College,US,webmetrics
1766,Shanghai University of Engineering Science / 上海工程技术大学,CN,webmetrics
1766,(1) Medical University of Gdansk / Gdański Uniwersytet Medyczny,PL,webmetrics
1769,Universidad del Rosario,CO,webmetrics
1770,Chung Shan Medical University,TW,webmetrics
1771,University of Hyderabad,IN,webmetrics
1771,Halmstad University / Högskolan i Halmstad,SE,webmetrics
1771,Jikei University School of Medicine / 東京慈恵会医科大学,JP,webmetrics
1771,Rzeszow University of Technology / Politechnika Rzeszowska Ignacego Łukasiewicza,PL,webmetrics
1775,Purdue University Northwest,US,webmetrics
1775,Eastern Illinois University,US,webmetrics
1777,Communication University of China (Beijing Broadcasting Institute) / 中国传媒大学,CN,webmetrics
1778,Claremont Mckenna College,US,webmetrics
1779,Kyoto Prefectural University of Medicine / 京都府立医科大学,JP,webmetrics
1780,American University of Sharjah,AE,webmetrics
1780,Universidad Nacional del Centro de la Provincia de Buenos Aires,AR,webmetrics
1782,IHE Delft Institute for Water Education,NL,webmetrics
1783,Gettysburg College,US,webmetrics
1783,Universidad Iberoamericana,MX,webmetrics
1785,Okinawa Institute of Science & Technology Graduate University / 沖縄科学技術大学院大学,JP,webmetrics
1785,(1) Pamukkale University,TR,webmetrics
1787,Kyoto Sangyo University / 京都産業大学,JP,webmetrics
1787,Changchun University of Technology / 长春工业大学,CN,webmetrics
1787,University of Chester,UK,webmetrics
1790,Delaware State University,US,webmetrics
1791,Cyprus University of Technology,CY,webmetrics
1792,Harokopio University of Athens,GR,webmetrics
1792,Jiaxing University / 嘉兴学院,CN,webmetrics
1794,Kawasaki University of Medical Welfare Kawasaki Medical School / 川崎医科大学,JP,webmetrics
1795,Bates College,US,webmetrics
1796,Deutsche Sporthochschule Köln,DE,webmetrics
1797,(1) Jiangxi University of Finance & Economics / 江西财经大学,CN,webmetrics
1797,National Ilan University,TW,webmetrics
1799,Kwansei Gakuin University / 関西学院大学,JP,webmetrics
1799,Jordan University of Science & Technology,JO,webmetrics
2000,Gaziosmanpaşa University,TR,webmetrics
2002,Ilia State University,GE,webmetrics
2002,Bradley University,US,webmetrics
2002,University of Sarajevo / Univerzitet u Sarajevu,BA,webmetrics
2002,(1) Lublin University of Technology / Politechnika Lubelska,PL,webmetrics
2006,Jilin Agricultural University / 吉林农业大学,CN,webmetrics
2006,Atilim University,TR,webmetrics
2006,Universidade Federal de Mato Grosso,BR,webmetrics
2009,Andrews University,US,webmetrics
2010,Nara Medical University / 奈良県立医科大学,JP,webmetrics
2010,Medical University of Wroclaw / Akademia Medyczna Piastów Śląskich we Wrocławiu,PL,webmetrics
2012,Shihezi University / 石河子大学,CN,webmetrics
2013,University of Peloponnese,GR,webmetrics
2013,Bialystok Technical University / Politechnika Białostocka,PL,webmetrics
2015,(1) Zhengzhou University of Light Industry / 郑州轻工业学院,CN,webmetrics
2016,Siena College,US,webmetrics
2016,Instituto Politécnico de Leiria,PT,webmetrics
2018,(1) École des Hautes Etudes Commerciales de Paris HEC (comUE Université Paris Saclay),FR,webmetrics
2018,Nanjing University of Finance & Economics / 南京财经大学,CN,webmetrics
2020,Xiamen University of Technology (Lujiang University) / 厦门理工学院,CN,webmetrics
2020,Zhejiang University of Science & Technology / 浙江科技学院,CN,webmetrics
2022,Paracelsus Medizinischen Privatuniversität,AT,webmetrics
2022,Konan University / 甲南大学,JP,webmetrics
2024,Saint Cloud State University,US,webmetrics
2025,Cumhuriyet University,TR,webmetrics
2025,École Supérieure des Sciences Économiques et Commerciales ESSEC (comUE Université Paris Seine),FR,webmetrics
2025,Universidad de Sonora,MX,webmetrics
2028,(1) Shivaji University,IN,webmetrics
2028,Université de La Rochelle (comUE Université confédérale Léonard de Vinci),FR,webmetrics
2028,Özyeğin University,TR,webmetrics
2031,Nanjing Institute of Technology / 南京工程学院,CN,webmetrics
2032,Kyorin University / 杏林大学,JP,webmetrics
2032,Universidade Estadual de Montes Claros UNIMONTES,BR,webmetrics
2034,Ecole Nationale Supérieure de Chimie de Montpellier ENSCM (comUE Languedoc Roussillon Universités),FR,webmetrics
2034,Helmut Schmidt Universität,DE,webmetrics
2036,Universiti Tunku Abdul Rahman,MY,webmetrics
2037,Covenant University Ota,NG,webmetrics
2038,Universidad de la Habana,CU,webmetrics
2039,Sastra University,IN,webmetrics
2039,Medical University of Lodz / Uniwersytet Medyczny w Łodzi,PL,webmetrics
2039,Pondicherry University,IN,webmetrics
2042,Civil Aviation University of China / 中国民航大学,CN,webmetrics
2042,Jiangsu Normal University / 江苏师范大学,CN,webmetrics
2044,Korea Institute for Advanced Study / 고등과학원,KR,webmetrics
2044,Universidad Nacional de Tucumán,AR,webmetrics
2046,Iran University of Medical Sciences,IR,webmetrics
2046,Europa Universität Viadrina Frankfurt Oder,DE,webmetrics
2048,Liaocheng University / 聊城大学,CN,webmetrics
2049,Universidad Nacional de Cuyo Mendoza,AR,webmetrics
2050,Depauw University,US,webmetrics
2050,Whitman College,US,webmetrics
2052,Graduate Institute of International Studies Geneva,CH,webmetrics
2052,University of Shizuoka / 静岡県立大学,JP,webmetrics
2054,Semnan University,IR,webmetrics
2055,Yunnan Normal University / 云南师范大学,CN,webmetrics
2056,Universidad San Francisco de Quito,EC,webmetrics
2056,Hanken School of Economics / Hanken Svenska handelshögskolan,FI,webmetrics
2058,Abant Izzet Baysal University,TR,webmetrics
2058,University of Nicosia,CY,webmetrics
2058,Ariel University,IL,webmetrics
2061,Bangladesh Agricultural University,BD,webmetrics
2061,Morehouse School of Medicine,US,webmetrics
2063,University of Ghana,GH,webmetrics
2063,Dalian Nationalities University / 大连民族学院,CN,webmetrics
2065,Da Yeh University,TW,webmetrics
2065,Xi'An Jiaotong-Liverpool University / 西交利物浦大学,CN,webmetrics
2065,Saitama Medical University / 埼玉医科大学,JP,webmetrics
2068,Kun Shan University,TW,webmetrics
2069,Universitat Internacional de Catalunya,ES,webmetrics
2069,École Nationale Supérieure de Techniques Avancées / ENSTA ParisTech (comUE Université Paris Saclay),FR,webmetrics
2069,Saha Institute of Nuclear Physics,IN,webmetrics
2072,Razi University Kermanshah,IR,webmetrics
2072,Abilene Christian University,US,webmetrics
2072,Universidad Autónoma de Yucatán,MX,webmetrics
2072,College of Wooster,US,webmetrics
2076,Near East University / Yakın Doğu University,TY,webmetrics
2077,(1) Nanjing University of Chinese Medicine / 南京中医药大学,CN,webmetrics
2077,École pratique des Hautes Études EPHE (comUE Université Paris PSL),FR,webmetrics
2077,Óbuda University (Budapest Polytechnic) / Óbudai Egyetem,HU,webmetrics
2080,University of Žilina / Žilinská univerzita v Žiline,SK,webmetrics
2081,Universidad de las Américas Puebla,MX,webmetrics
2081,Minnesota State University Mankato,US,webmetrics
2083,Silpakorn University,TH,webmetrics
2084,Université du Québec Outaouais,CA,webmetrics
2085,(1) Xi’an University of Posts & Telecommunications / 西安邮电学院,CN,webmetrics
2085,Mount Royal University,CA,webmetrics
2085,Estonian University of Life Sciences / Eesti Maaülikool,EE,webmetrics
2088,İnönü University Malatya,TR,webmetrics
2089,South Ural State University / Южно-Уральский государственный университет,RU,webmetrics
2090,University of the Sciences in Philadelphia,US,webmetrics
2090,Meijo University / 名城大学,JP,webmetrics
2092,University of Agriculture Faisalabad,PK,webmetrics
2093,Mahasarakham University,TH,webmetrics
2093,Kansai Medical University / 関西医科大学,JP,webmetrics
2093,Chimie ParisTech / École Nationale Supérieure de Chimie de Paris ENSCP (comUE Université Paris PSL),FR,webmetrics
2093,(3) Dokkyo University School of Medicine / 獨協医科大学,JP,webmetrics
2097,Fayetteville State University,US,webmetrics
2098,Tezpur University,IN,webmetrics
2098,University of Dar Es Salaam,TZ,webmetrics
2098,Augustana College Rock Island,US,webmetrics
2300,Dalian Jiaotong University (Railway Institute) / 大连交通大学,CN,webmetrics
2300,Wuhan Polytechnic University / 武汉轻工大学,CN,webmetrics
2303,Ivan Franko National University of Lviv / Львівський національний університет Івана Франка,UA,webmetrics
2304,Augsburg College,US,webmetrics
2304,Wrocław University of Environmental and Life Sciences (Agricultural University) / Uniwersytet Przyrodniczy we Wrocławiu,PL,webmetrics
2306,University of Southern Maine,US,webmetrics
2306,Zanjan University,IR,webmetrics
2306,Universidade Fernando Pessoa,PT,webmetrics
2306,Cork Institute of Technology,IE,webmetrics
2306,Universidad EAFIT,CO,webmetrics
2311,Universidad Distrital Francisco José de Caldas,CO,webmetrics
2312,Roger Williams University,US,webmetrics
2313,University of Indianapolis,US,webmetrics
2314,Universitas Udayana,ID,webmetrics
2315,Al Azhar University,EG,webmetrics
2316,Hebei Agricultural University / 河北农业大学,CN,webmetrics
2317,Taif University,SA,webmetrics
2318,Dongguan University of Technology / 东莞理工学院,CN,webmetrics
2319,Lunghwa University of Science & Technology,TW,webmetrics
2319,Gebze Technological University / Gebze Teknik Üniversitesi,TR,webmetrics
2321,University of Michigan Flint,US,webmetrics
2321,University of Wisconsin Stevens Point,US,webmetrics
2323,School of Advanced Study University of London,UK,webmetrics
2324,Tokyo Gakugei University / 東京学芸大学,JP,webmetrics
2324,Jimma University,ET,webmetrics
2326,Universidad Católica San Antonio de Murcia,ES,webmetrics
2327,Hung Kuang University,TW,webmetrics
2327,École Centrale de Marseille,FR,webmetrics
2329,Gansu Agricultural University / 甘肃农业大学,CN,webmetrics
2330,Yaşar University,TR,webmetrics
2331,Inner Mongolia University of Science & Technology / 内蒙古科技大学,CN,webmetrics
2332,Nipissing University,CA,webmetrics
2332,University of Portland,US,webmetrics
2334,University of Baltimore,US,webmetrics
2335,A T Still University,US,webmetrics
2336,University Centre in Svalbard,NO,webmetrics
2336,Osmania University Hyderabad,IN,webmetrics
2338,Mustafa Kemal University,TR,webmetrics
2339,(2) Centro Agronómico Tropical de Investigación y Enseñanza,CR,webmetrics
2339,Helwan University,EG,webmetrics
2341,University of Lapland / Lapin yliopisto / Lapplands Universitet,FI,webmetrics
2341,University of Opole / Uniwersytet Opolski,PL,webmetrics
2341,National Institute of Science Education and Research,IN,webmetrics
2341,Djillali Liabes university of Sidi Bel Abbes,DZ,webmetrics
2345,Université des Sciences et de la Technologie Houari Boumediene,DZ,webmetrics
2345,Alfaisal University,SA,webmetrics
2345,Liaoning Normal University / 辽宁师范大学,CN,webmetrics
2348,Université du Havre / Université Le Havre Normandie (comUE Normandie Université),FR,webmetrics
2348,United Nations University (国際連合大学),JP,webmetrics
2348,Sahand University of Technology Tabriz,IR,webmetrics
2351,Harran University,TR,webmetrics
2352,Universidad Nacional del Comahue,AR,webmetrics
2352,Adnan Menderes University,TR,webmetrics
2354,Muhimbili University of Health and Allied Sciences,TZ,webmetrics
2354,University of Zimbabwe,ZW,webmetrics
2356,Milwaukee School of Engineering,US,webmetrics
2356,Opole University of Technology / Politechnika Opolska,PL,webmetrics
2356,Alliant International University,US,webmetrics
2359,Institut National des Sciences Appliquées de Rennes/ INSA Rennes (comUE Université Bretagne Loire),FR,webmetrics
2360,Universidad ICESI,CO,webmetrics
2360,Muhlenberg College,US,webmetrics
2360,Université Libanaise,LB,webmetrics
2363,Texas A&M International University,US,webmetrics
2364,Hanoi National University of Education,VN,webmetrics
2365,International Islamic University Islamabad,PK,webmetrics
2366,Universitas Sebelas Maret UNS Surakarta,ID,webmetrics
2366,Zhongnan University of Economics and Law / 中南财经政法大学,CN,webmetrics
2366,Mae Fah Luang University,TH,webmetrics
2366,Noshirvani Institute of Technology Babol,IR,webmetrics
2370,Trakya University,TR,webmetrics
2370,Universitas Riau,ID,webmetrics
2372,National Institute of Technology Karnataka,IN,webmetrics
2373,University of Montenegro / Univerzitet Crne Gore,ME,webmetrics
2374,Cheng Shiu University,TW,webmetrics
2374,Meharry Medical College,US,webmetrics
2374,Motilal Nehru National Institute of Technology,IN,webmetrics
2377,Chongqing Jiaotong University / 重庆交通大学,CN,webmetrics
2378,Universidad Adolfo Ibáñez,CL,webmetrics
2379,University of Hradec Králové / Univerzita Hradec Králové,CZ,webmetrics
2380,Canisius College,US,webmetrics
2381,University of Social Sciences and Humanities (Warsaw School of Social Psychology) / Szkoła Wyższa Psychologii Społecznej w Warszawie,PL,webmetrics
2382,Universidad del Bío-Bío,CL,webmetrics
2382,University of New England Maine,US,webmetrics
2382,California State University Bakersfield,US,webmetrics
2385,Cardinal Stefan Wyszynski University Warsaw / Uniwersytet Kardynała Stefana Wyszyńskiego w Warszawie,PL,webmetrics
2386,Iwate Medical University / 岩手医科大学,JP,webmetrics
2387,Cape Peninsula University of Technology,ZA,webmetrics
2387,École Nationale Supérieure des Mines de Saint Étienne,FR,webmetrics
2389,Winthrop University,US,webmetrics
2390,Universidade Estadual do Oeste do Paraná UNIOSTE,BR,webmetrics
2390,"Lithuanian University of Health Science (Kaunas University of Medicine, Veterinary Academy) / Lietuvos sveikatos mokslų universitetas (Kauno Medicinos Universitetas)",LT,webmetrics
2390,Barry University,US,webmetrics
2393,Najran University,SA,webmetrics
2394,Kafkas University / Kafkas Üniversitesi,TR,webmetrics
2394,Samford University,US,webmetrics
2394,(1) Catholic University of Daegu / 대구가톨릭대학교,KR,webmetrics
2397,Kogakuin University / 工学院大学,JP,webmetrics
2397,Vytautas Magnus University / Vytauto Didžiojo universitetas,LT,webmetrics
2399,(3) Harvard University Harvard Business School,US,webmetrics
2399,Taibah University,SA,webmetrics
2600,Escuela Politécnica Nacional,EC,webmetrics
2602,Al Balqa Applied University,JO,webmetrics
2602,Universidad Técnica Particular de Loja,EC,webmetrics
2604,Hoshi University / 星薬科大学,JP,webmetrics
2605,Jiangxi Agricultural University / 江西农业大学,CN,webmetrics
2605,King Mongkut's University of Technology North Bangkok,TH,webmetrics
2605,Luther College Decorah,US,webmetrics
2608,Maharshi Dayanand University,IN,webmetrics
2608,Moscow Power Engineering Institute / Национальный исследовательский университет МЭИ,RU,webmetrics
2608,Kean University,US,webmetrics
2611,International Christian University / 国際基督教大学,JP,webmetrics
2611,Karunya University,IN,webmetrics
2613,Indian Institute of Technology Ropar,IN,webmetrics
2613,Tokyo University of Agriculture / 東京農業大学,JP,webmetrics
2615,Louisiana State University Health Sciences Center,US,webmetrics
2616,Liberty University,US,webmetrics
2616,Hertie School of Governance,DE,webmetrics
2616,University of Science and Technology Liaoning / 辽宁科技大学,CN,webmetrics
2616,Texas A&M University Kingsville,US,webmetrics
2616,University of Detroit Mercy,US,webmetrics
2621,University of Kurdistan Sanandaj,IR,webmetrics
2622,North Carolina Agricultural & Technical State University,US,webmetrics
2623,Arak University,IR,webmetrics
2624,(1) Huaibei Normal University (Coal Industry Normal College) / 淮北师范大学,CN,webmetrics
2625,Universiti Malaysia Terengganu,MY,webmetrics
2626,Taylor University,US,webmetrics
2626,Franklin W Olin College of Engineering,US,webmetrics
2628,University of North Carolina Asheville,US,webmetrics
2628,Aksaray University,TR,webmetrics
2628,Brandon University,CA,webmetrics
2631,Aichi University of Education / 愛知教育大学,JP,webmetrics
2631,Shahrood University of Technology,IR,webmetrics
2631,Winona State University,US,webmetrics
2631,Indiana University Northwest,US,webmetrics
2635,Mykolas Romeris University / Mykolo Romerio universitetas,LT,webmetrics
2635,Istanbul Aydin University / Ýstanbul Aydýn Üniversitesi,TR,webmetrics
2637,National Institute of Technology Warangal,IN,webmetrics
2637,Slippery Rock University,US,webmetrics
2637,University of Hawaii Hilo,US,webmetrics
2640,Obihiro University of Agriculture and Veterinary Medicine / 帯広畜産大学,JP,webmetrics
2641,Iona College,US,webmetrics
2641,Kyoto Prefectural University / 京都府立大学,JP,webmetrics
2643,Arts et Métiers ParisTech / École Nationale Supérieure d'Arts et Métiers (ex ENSAM) (comUE HESAM),FR,webmetrics
2643,Slovak Medical University in Bratislava / Slovenská zdravotnícka univerzita v Bratislave,SK,webmetrics
2645,Pontificia Universidad Católica Argentina,AR,webmetrics
2646,Universidad Autónoma de Guerrero,MX,webmetrics
2646,University of Sistan and Baluchestan,IR,webmetrics
2648,University of Zambia,ZM,webmetrics
2649,University of Karachi,PK,webmetrics
2649,University of Mary Washington,US,webmetrics
2651,Stetson University,US,webmetrics
2651,Yerevan State University,AM,webmetrics
2653,Szczecin University / Uniwersytet Szczeciński,PL,webmetrics
2654,Petrozavodsk State University / Петрозаводский государственный университет,RU,webmetrics
2654,University of Jammu,IN,webmetrics
2654,Universidade Estadual do Norte Fluminense Darcy Ribeiro,BR,webmetrics
2657,Universidad Nacional de San Juan,AR,webmetrics
2658,Universidade Estadual de Santa Cruz UESC,BR,webmetrics
2659,(1) Alagappa University,IN,webmetrics
2660,Sohag University,EG,webmetrics
2660,University of Engineering & Technology Lahore,PK,webmetrics
2662,École Nationale Supérieure de Chimie de Lille,FR,webmetrics
2663,University of Wisconsin Parkside,US,webmetrics
2663,(1) Pontificia Universidade Catolica de Goiás PUC Goiás,BR,webmetrics
2665,Jishou University / 吉首大学,CN,webmetrics
2666,Instituto Superior da Maia,PT,webmetrics
2666,Bordeaux Sciences Agro / École Nationale Supérieure des Sciences Agronomiques (ComUE d'Aquitaine),FR,webmetrics
2666,Dezhou University / 德州学院,CN,webmetrics
2669,Catholic University of Lublin / Katolicki Uniwersytet Lubelski Jana Pawła II,PL,webmetrics
2669,Louisiana State University Shreveport,US,webmetrics
2671,University of Redlands,US,webmetrics
2672,Kyoto University of Education / 京都教育大学,JP,webmetrics
2672,Gandhigram Rural University,IN,webmetrics
2672,Zuyd Hogeschool,NL,webmetrics
2675,Shahid Rajaee Teacher Training University Tehran,IR,webmetrics
2675,Jilin Normal University / 吉林师范大学,CN,webmetrics
2675,Klaipėda University / Klaipėdos universitetas,LT,webmetrics
2678,Instituto Tecnológico de Costa Rica,CR,webmetrics
2679,Universidad Católica de Valencia San Vicente Mártir,ES,webmetrics
2679,Universidad del Cauca,CO,webmetrics
2681,Emporia State University,US,webmetrics
2682,Université Abou Bekr Belkaid Tlemcen,DZ,webmetrics
2682,Vietnam National University Ho Chi Minh City,VN,webmetrics
2684,Universidad de Mondragon Mondragon Unibertsitatea,ES,webmetrics
2684,Tokyo Dental College / 東京歯科大学,JP,webmetrics
2686,University of Texas Tyler,US,webmetrics
2686,Vietnam National University of Agriculture (Hanoi Agricultural University),VN,webmetrics
2686,Hochschule für Technik und Wirtschaft Berlin,DE,webmetrics
2689,South Valley University,EG,webmetrics
2690,Ömer Halisdemir University,TR,webmetrics
2690,Universitas Jenderal Soedirman,ID,webmetrics
2692,Universidad de Cartagena,CO,webmetrics
2693,Udmurt State University / Удмуртский государственный университет,RU,webmetrics
2693,Hainan Normal University / 海南师范大学,CN,webmetrics
2695,Haute École Spécialisée de la Suisse Occidentale,CH,webmetrics
2696,Islamia University Bahawalpur,PK,webmetrics
2696,National Technical University Kharkiv Polytechnical Institute / Национальный технический университет Харьковский политехнический институт,UA,webmetrics
2698,Salisbury University,US,webmetrics
2698,Universidade do Sul de Santa Catarina UNISUL,BR,webmetrics
2700,Macau Polytechnic Institute,MO,webmetrics
2900,Northeast Ohio Medical University NEOMED,US,webmetrics
2900,Panteion University of Political and Social Sciences,GR,webmetrics
2903,Beloit College,US,webmetrics
2903,European University Cyprus,CY,webmetrics
2905,Shaanxi Sci-Tech University / 陕西理工学院,CN,webmetrics
2905,Shanxi Agricultural University / 山西农业大学,CN,webmetrics
2907,Plovdiv University Paisii Hilendarski / Пловдивски университет Паисий Хилендарски,BG,webmetrics
2907,Hochschule Worms,DE,webmetrics
2909,(1) Jamia Hamdard,IN,webmetrics
2909,(1) Southwest Forestry University / 西南林业大学,CN,webmetrics
2909,Allameh Tabatabai University,IR,webmetrics
2912,Wannan Medical College / 皖南医学院,CN,webmetrics
2913,Virginia Maryland Regional College of Veterinary Medicine,US,webmetrics
2913,University of La Verne,US,webmetrics
2913,Hochschule fur Wirtschaft und Recht Berlin,DE,webmetrics
2913,Shahrekord University of Medical Sciences,IR,webmetrics
2917,Matej Bel University in Banská Bystrica / Univerzita Mateja Bela v Banskej Bystrici,SK,webmetrics
2917,Altai State University / Алтайский государственный университет,RU,webmetrics
2917,Iwate Prefectural University / 岩手県立大学,JP,webmetrics
2920,Siksha O Anusandhan University,IN,webmetrics
2920,Universidad de Carabobo,VE,webmetrics
2920,Vel Tech Dr RR & Dr SR Technical University,IN,webmetrics
2923,Chukyo University / 中京大学,JP,webmetrics
2924,Seoul Women's University / 서울여자대학교,KR,webmetrics
2925,National Institute of Chemical Physics and Biophysics,EE,webmetrics
2926,Universidad Francisco Marroquín,GT,webmetrics
2927,Universidad Nacional de Ingeniería Lima,PE,webmetrics
2928,Future University Hakodate / 公立はこだて未来大学,JP,webmetrics
2928,Augustana University Sioux Falls,US,webmetrics
2930,University of Bridgeport,US,webmetrics
2930,University of Louisiana at Monroe,US,webmetrics
2932,State University of New York,US,webmetrics
2932,Technical University in Zvolen / Technická univerzita vo Zvolene,SK,webmetrics
2934,Chang Jung Christian University,TW,webmetrics
2934,Universidad de Palermo Argentina,AR,webmetrics
2934,Queen Margaret University,UK,webmetrics
2934,Università IUAV di Venezia (Istituto universitario di architettura di Venezia),IT,webmetrics
2934,Universidade Paulista UNIP,BR,webmetrics
2939,(1) Saxion University of Professional Education,NL,webmetrics
2939,Chia Nan University of Pharmacy & Science,TW,webmetrics
2941,Hochschule Reutlingen,DE,webmetrics
2942,Tomsk State University of Control Systems and Radioelectronics / Томский государственный университет систем управления и радиоэлектроники,RU,webmetrics
2942,University of Taipei (Taipei Municipal University of Education),TW,webmetrics
2944,University of South Carolina Upstate,US,webmetrics
2944,Sri Venkateswara University,IN,webmetrics
2944,Colegio de Postgraduados,MX,webmetrics
2944,Mingdao University,TW,webmetrics
2948,Università degli Studi Guglielmo Marconi,IT,webmetrics
2948,Western Oregon University,US,webmetrics
2950,University of the District of Columbia,US,webmetrics
2951,Rangsit University,TH,webmetrics
2952,University of South China (Nanhua University) / 南华大学,CN,webmetrics
2953,Universidad Panamericana México,MX,webmetrics
2953,Punjab Agricultural University Ludhiana,IN,webmetrics
2955,Université Kasdi Merbah Ouargla,DZ,webmetrics
2955,Fukushima University / 福島大学,JP,webmetrics
2957,Osaka Kyoiku University / 大阪教育大学,JP,webmetrics
2957,Periyar University Salem,IN,webmetrics
2959,Yuri Gagarin State Technical University of Saratov / Саратовский государственный технический университет Гагарина Ю А,RU,webmetrics
2959,University of Dallas,US,webmetrics
2961,Open University of Cyprus,CY,webmetrics
2962,Saint Petersburg State Electrotechnical University / Санкт Петербургский государственный электротехнический университет,RU,webmetrics
2963,Cyprus International University,TY,webmetrics
2963,Devi Ahilya Vishwavidyalaya Indore,IN,webmetrics
2965,University Lucian Blaga of Sibiu,RO,webmetrics
2966,University of Birjand,IR,webmetrics
2967,AgroSup Dijon / Institut National Supérieur des sciences agronomiques de alimentation et de environnement (comUE Université Bourgogne Franche Comté),FR,webmetrics
2967,Universidad de San Carlos de Guatemala,GT,webmetrics
2969,Technical University of Sofia / Технически университет София,BG,webmetrics
2969,Universidade Federal Rural da Amazônia,BR,webmetrics
2971,University of Life Sciences in Lublin (Agricultural University) / Uniwersytet Przyrodniczy w Lublinie,PL,webmetrics
2971,Frostburg State University,US,webmetrics
2973,University of Peshawar,PK,webmetrics
2973,Wilkes University,US,webmetrics
2973,Universidad Camilo José Cela Madrid,ES,webmetrics
2973,(1) Bharati Vidyapeeth University,IN,webmetrics
2973,Colegio de la Frontera Sur,MX,webmetrics
2978,École Nationale de l’Aviation Civile ENAC (comUE Université de Toulouse),FR,webmetrics
2978,Universidad Central Marta Abreu de las Villas,CU,webmetrics
2980,University of Information Technology and Management in Rzeszow / Wyższa Szkoła Informatyki i Zarządzania z siedzibą w Rzeszowie,PL,webmetrics
2980,Pratt Institute,US,webmetrics
2980,Jining University / 济宁学院,CN,webmetrics
2980,Ahmadu Bello University,NG,webmetrics
2984,Delhi Technological University,IN,webmetrics
2984,Dongbei University of Finance & Economics / 东北财经大学,CN,webmetrics
2986,Università di Corsica Pasquale Paoli / Université de Corse Pascal Paoli,FR,webmetrics
2987,Universidade Federal do Vale do São Francisco UNIVASF,BR,webmetrics
2987,Nanjing Xiaozhuang University / 南京晓庄学院,CN,webmetrics
2989,Zhejiang Chinese Medical University / 浙江中医药大学,CN,webmetrics
2989,Széchenyi István University Győr / Széchenyi István Egyetem SZE,HU,webmetrics
2989,University of the Highlands and Islands,UK,webmetrics
2992,University of Oradea,RO,webmetrics
2993,Universitas Airlangga,ID,webmetrics
2993,École Nationale des Travaux Publics de l'État ENTPE(comUE Université de Lyon),FR,webmetrics
2995,Escuela Andaluza de Salud Pública,ES,webmetrics
2995,Ferris State University,US,webmetrics
2997,Nevşehir University,TR,webmetrics
2997,Universitas Lampung,ID,webmetrics
2999,Liaoning Technical University / 辽宁工程技术大学,CN,webmetrics
3000,National Aviation University (Kyiv International University of Civil Aviation) / Національний авіаційний університет,UA,webmetrics
3200,(1) Hengyang Normal University / 衡阳师范学院,CN,webmetrics
3200,Karnatak University,IN,webmetrics
3203,Instituto Federal de Educação Ciência e Tecnologia de São Paulo IFSP,BR,webmetrics
3203,Mgh Institute of Health Professions,US,webmetrics
3205,Le Moyne College,US,webmetrics
3206,University of Ha'il,SA,webmetrics
3206,University of Wisconsin Platteville,US,webmetrics
3206,Yibin University / 宜宾学院,CN,webmetrics
3206,Indian Institute of Science Education and Research Thiruvananthapuram,IN,webmetrics
3210,Arak University of Medical Sciences,IR,webmetrics
3211,Dhirubai Ambani Institute of Information and Communication Technology,IN,webmetrics
3211,Zhaoqing University / 肇庆学院,CN,webmetrics
3213,Buskerud and Vestfold University College / Høgskolen i Buskerud og Vestfold,NO,webmetrics
3213,Charles Drew University of Medicine & Science,US,webmetrics
3215,Osaka Electro-Communication University / 大阪電気通信大学,JP,webmetrics
3216,College of Nyíregyháza / Nyíregyházi Főiskola NYF,HU,webmetrics
3216,University of Santo Tomas,PH,webmetrics
3218,Pontificia Universidade Católica do Campinas PUC-CAMPINAS,BR,webmetrics
3218,Henan University of Urban Construction (Pingdingshan Institute of Technology) / 河南城建学院,CN,webmetrics
3218,Instituto Politécnico de Viana do Castelo,PT,webmetrics
3221,University of Sargodha,PK,webmetrics
3221,Universidade Guarulhos UNG,BR,webmetrics
3223,Universidad Autónoma de Zacatecas,MX,webmetrics
3223,Assam University,IN,webmetrics
3225,University of Ilorin,NG,webmetrics
3225,Shih Chien University,TW,webmetrics
3227,Universidad del Tolima,CO,webmetrics
3227,Hainan Medical University / 海南医学院,CN,webmetrics
3229,Universiti Kuala Lumpur,MY,webmetrics
3229,Bucks (Buckinghamshire Chilterns) New University,UK,webmetrics
3231,Kristianstad University College / Högskolan Kristianstad,SE,webmetrics
3232,Northeast Petroleum University/ 大庆石油学院,CN,webmetrics
3232,Western New England University,US,webmetrics
3234,Ishikawa Prefectural University / 石川県立大学,JP,webmetrics
3235,(1) Chernivtsi National University Y Fedkovych / Чернівецький національний університет Ю Федьковича,UA,webmetrics
3236,Dundalk Institute of Technology,IE,webmetrics
3236,University of Finance and Management in Warsaw / Wyższa Szkoła Finansów i Zarządzania w Warszawie,PL,webmetrics
3238,(1) Western Connecticut State University,US,webmetrics
3238,Bastyr University (Seattle Midwifery School),US,webmetrics
3240,Université de Tunis El Manar,TN,webmetrics
3240,Universidade Estadual de Goiás UEG,BR,webmetrics
3242,Philadelphia University at Jordan,JO,webmetrics
3242,Russian State Medical University / Российский национальный исследовательский медицинский университет Н И Пирогова,RU,webmetrics
3244,Technological Education Institute of Lamia,GR,webmetrics
3244,University of Medicine and Pharmacy Craiova,RO,webmetrics
3246,Universidad Autónoma de Chile,CL,webmetrics
3246,Dongshin University / 동신대학교,KR,webmetrics
3248,Eckerd College,US,webmetrics
3248,Xi'An Polytechnic University / 西安工程大学,CN,webmetrics
3248,Zhongkai University of Agriculture and Engineering / 仲恺农业工程学院,CN,webmetrics
3251,Albion College,US,webmetrics
3252,Anhui Polytechnic University (Anhui University of Technology & Science) / 安徽工程大学,CN,webmetrics
3252,Universidad del Valle de Guatemala,GT,webmetrics
3252,University of St Cyril and Methodius of Trnava / Univerzita sv Cyrila a Metoda,SK,webmetrics
3255,Al Akhawayn University Ifrane,MA,webmetrics
3255,École Nationale Polytechnique d'Alger,DZ,webmetrics
3257,Beijing Institute of Graphic Communication / 北京印刷学院,CN,webmetrics
3257,Brooklyn Law School,US,webmetrics
3257,Universidade do Estado do Amazonas UEA,BR,webmetrics
3257,Kuvempu University,IN,webmetrics
3261,Jilin Institute of Chemical Technology / 吉林化工学院,CN,webmetrics
3261,Universidad Pontificia de Salamanca,ES,webmetrics
3263,Changchun Institute of Technology / 长春工程学院,CN,webmetrics
3263,(4) University of Phoenix,US,webmetrics
3263,Samara State Technical University / Самарский государственный технический университет,RU,webmetrics
3263,Tata Institute of Social Sciences,IN,webmetrics
3267,Poznan University of Economics / Uniwersytet Ekonomiczny w Poznaniu,PL,webmetrics
3268,Korea Polytechnic University / 한국산업기술대학교,KR,webmetrics
3268,Winston Salem State University,US,webmetrics
3270,University Valachia Targoviste,RO,webmetrics
3271,Tokyo University of Foreign Studies / 東京外国語大学,JP,webmetrics
3271,Universidade Federal do Acre UFAC,BR,webmetrics
3273,Juniata College,US,webmetrics
3274,Hogeschool Inholland,NL,webmetrics
3275,Govind Ballabh Pant University of Agriculture & Technology,IN,webmetrics
3275,(1) Heilongjiang University of Science & Technology / 黑龙江科技大学,CN,webmetrics
3277,Universidade do Estado de Mato Grosso UNEMAT,BR,webmetrics
3278,University of Petroleum & Energy Studies,IN,webmetrics
3278,(1) Beijing University of Agriculture / 北京农学院,CN,webmetrics
3280,Çağ University,TR,webmetrics
3280,Université Sidi Mohammed Ben Abdellah Fes,MA,webmetrics
3282,Spelman College,US,webmetrics
3282,Chien Hsin University of Science & Technology (Ching Yun University),TW,webmetrics
3282,Inner Mongolia Agricultural University / 内蒙古农业大学,CN,webmetrics
3285,Riga Stradins University (Medical Academy of Latvia) / Rīgas Stradiņa universitāte,LV,webmetrics
3286,Sweet Briar College,US,webmetrics
3286,Honghe University / 红河学院,CN,webmetrics
3288,Universidad Autónoma de Chiapas,MX,webmetrics
3289,Sun Moon University / 선문대학교,KR,webmetrics
3289,(1) Tianjin Chengjian University / 天津城建大学,CN,webmetrics
3289,Ahi Evran University,TR,webmetrics
3289,"Cooperativa de Ensino Superior, Politécnico e Universitario",PT,webmetrics
3289,Fachhochschule Dortmund,DE,webmetrics
3294,Henan University of Chinese Medicine / 河南中医药大学,CN,webmetrics
3294,Tamagawa University / 玉川大学,JP,webmetrics
3296,Instituto Politécnico de Tomar,PT,webmetrics
3296,Islamic Azad University Isfahan Khorasgan Branch,IR,webmetrics
3296,Universiti Sains Islam Malaysia,MY,webmetrics
3299,Instituto Politécnico do Cavado e do Ave,PT,webmetrics
3299,Siauliai University / Šiaulių universitetas,LT,webmetrics
